<?xml version="1.0" encoding="UTF-8"?>
<!-- This XML file allows us to easily customize the visual aesthetics of the user interface. Note that this properties
file is only for the standard high-level controls for an application, so it does not include properties meant for any
functionality within the main workspace. -->
<properties>
    <property_list>
        <!-- RESOURCE FILES AND FOLDERS -->
        <property name="DATA_RESOURCE_PATH" value="data"/>
        <property name="CSS_RESOURSE_PATH" value="css"/>
        <property name="CSS_RESOURCE_FILENAME" value="datavilij.css"/>
        <property name="LINECHART_FILENAME" value="lineChart.css"/>
        <property name="TEXTAREA_FILENAME" value="textArea.css"/>
        <property name="GUI_RESOURCE_PATH" value="gui"/>
        <property name="ICONS_RESOURCE_PATH" value="icons"/>

        <!-- USER INTERFACE ICON FILES -->
        <property name="SCREENSHOT_ICON" value="screenshot.png"/>

        <!-- DISPLAY LOADED INFORMATION -->
        <property name="INSTANCE_COUNT" value=" instances with "/>
        <property name="LABEL_COUNT" value=" labels loaded from "/>
        <property name="NO_FILE_FOUND" value="the textbox"/>
        <property name="LABEL_LIST" value=". The labels are: "/>

        <!-- TOOLTIPS FOR BUTTONS -->
        <property name="SCREENSHOT_TOOLTIP" value="Screenshot"/> <!-- will print current view of image to a file -->
        <property name="VALIDATE" value="Validate"/>

        <!-- WARNING MESSAGES -->
        <property name="EXIT_WHILE_RUNNING_WARNING"
                  value="An algorithm is running. If you exit now, all unsaved changes will be lost. Are you sure?"/>

        <!-- ERROR MESSAGES -->
        <property name="RESOURCE_SUBDIR_NOT_FOUND" value="Directory not found under resources."/>

        <!-- APPLICATION-SPECIFIC MESSAGE TITLES -->
        <property name="ERROR_TITLE" value="Error!"/>
        <property name="SAVE_UNSAVED_WORK_TITLE" value="Save Current Work"/>

        <!-- APPLICATION-SPECIFIC MESSAGES -->
        <property name="ERROR_DATA" value="The data you want to display is incorrect" />
        <property name="SAVE_UNSAVED_WORK" value="Would you like to save current work?"/>

        <!-- APPLICATION-SPECIFIC PARAMETERS -->
        <property name="DATA_FILE_EXT" value="*.tsd"/>
        <property name="DATA_FILE_EXT_DESC" value="Tab-Separated Data File"/>
        <property name="TEXT_AREA" value="Data File"/>
        <property name="SPECIFIED_FILE" value=" specified file"/>
        <property name="ERROR_AT_LINE" value="There is an error at line "/>

        <!-- BUTTONS -->
        <property name="DISPLAY" value="Display"/>
        <property name="READ_ONLY" value="Done editing"/>

        <!-- TITLES -->
        <property name="CHART_TITLE" value="Data Visualization"/>
        <property name="TEXT_TITLE" value="Data File"/>

    </property_list>
    <property_options_list/>
</properties>